{"cameraMode":{"drawMode":0,"name":"Shaded","section":"Shading Mode"},"sceneLighting":false,"audioPlay":false,"sceneViewState":{"m_AlwaysRefresh":false,"showFog":true,"showSkybox":false,"showFlares":true,"showImageEffects":true,"showParticleSystems":true,"showVisualEffectGraphs":true,"m_FxEnabled":true},"in2DMode":false,"pivot":{"x":0.9752273559570313,"y":-0.10032718628644943,"z":0.24877673387527467},"rotation":{"x":0.04959717392921448,"y":0.8572758436203003,"z":-0.084121935069561,"w":0.5055243968963623},"size":0.5357115864753723,"orthographic":false}