{"cameraMode":{"drawMode":0,"name":"Shaded","section":"Shading Mode"},"sceneLighting":false,"audioPlay":false,"sceneViewState":{"m_AlwaysRefresh":false,"showFog":true,"showSkybox":false,"showFlares":true,"showImageEffects":true,"showParticleSystems":true,"showVisualEffectGraphs":true,"m_FxEnabled":true},"in2DMode":false,"pivot":{"x":-0.7795659303665161,"y":-0.23688563704490663,"z":0.17904341220855714},"rotation":{"x":0.13034981489181519,"y":-0.3502347469329834,"z":0.04928386211395264,"w":0.9262479543685913},"size":1.0000251531600953,"orthographic":false}