{"cameraMode":{"drawMode":0,"name":"Shaded","section":"Shading Mode"},"sceneLighting":false,"audioPlay":false,"sceneViewState":{"showFog":true,"showMaterialUpdate":false,"showSkybox":false,"showFlares":true,"showImageEffects":true,"showParticleSystems":true},"in2DMode":false,"pivot":{"x":-0.847000002861023,"y":0.0,"z":0.5063999891281128},"rotation":{"x":-0.000530634424649179,"y":0.9808228015899658,"z":-0.19494345784187318,"w":-0.0026344014331698419},"size":0.5070124268531799,"orthographic":false}