{"cameraMode":{"drawMode":0,"name":"Shaded","section":"Shading Mode"},"sceneLighting":false,"audioPlay":false,"sceneViewState":{"showFog":true,"showMaterialUpdate":true,"showSkybox":false,"showFlares":true,"showImageEffects":true,"showParticleSystems":true},"in2DMode":false,"pivot":{"x":0.4040926694869995,"y":0.6312907934188843,"z":-0.3050382435321808},"rotation":{"x":-0.03247725963592529,"y":0.46094316244125368,"z":-0.016879072412848474,"w":-0.886696994304657},"size":0.3524162471294403,"orthographic":false}