{"cameraMode":{"drawMode":0,"name":"Shaded","section":"Shading Mode"},"sceneLighting":false,"audioPlay":false,"sceneViewState":{"showFog":true,"showMaterialUpdate":false,"showSkybox":false,"showFlares":true,"showImageEffects":true,"showParticleSystems":true},"in2DMode":false,"pivot":{"x":0.1424810290336609,"y":0.29911911487579348,"z":1.106157898902893},"rotation":{"x":0.035086363554000857,"y":-0.9646037817001343,"z":0.19683922827243806,"w":0.17193946242332459},"size":0.8660253882408142,"orthographic":false}