{"cameraMode":{"drawMode":0,"name":"Shaded","section":"Shading Mode"},"sceneLighting":true,"audioPlay":false,"sceneViewState":{"showFog":true,"showMaterialUpdate":true,"showSkybox":true,"showFlares":true,"showImageEffects":true,"showParticleSystems":true},"in2DMode":false,"pivot":{"x":1.1723824739456177,"y":-0.8653915524482727,"z":-6.878705024719238},"rotation":{"x":0.4256519675254822,"y":-0.4748295247554779,"z":0.28192275762557986,"w":0.7168847918510437},"size":0.5248362421989441,"orthographic":false}