{"cameraMode":{"drawMode":0,"name":"Shaded","section":"Shading Mode"},"sceneLighting":false,"audioPlay":false,"sceneViewState":{"showFog":true,"showMaterialUpdate":false,"showSkybox":false,"showFlares":true,"showImageEffects":true,"showParticleSystems":true},"in2DMode":false,"pivot":{"x":0.8274770975112915,"y":0.3862268030643463,"z":0.09531939774751663},"rotation":{"x":0.1356406807899475,"y":-0.7744901180267334,"z":0.17750491201877595,"w":0.5918270945549011},"size":0.8660253882408142,"orthographic":false}