{"cameraMode":{"drawMode":0,"name":"Shaded","section":"Shading Mode"},"sceneLighting":false,"audioPlay":false,"sceneViewState":{"showFog":true,"showMaterialUpdate":false,"showSkybox":false,"showFlares":true,"showImageEffects":true,"showParticleSystems":true},"in2DMode":false,"pivot":{"x":0.0,"y":7.450580596923828e-9,"z":-7.450580596923828e-9},"rotation":{"x":-0.16203546524047852,"y":0.38164350390434267,"z":-0.06814675778150559,"w":-0.9074453711509705},"size":1.0024968385696412,"orthographic":false}