{"cameraMode":{"drawMode":0,"name":"Shaded","section":"Shading Mode"},"sceneLighting":false,"audioPlay":false,"sceneViewState":{"showFog":true,"showMaterialUpdate":true,"showSkybox":false,"showFlares":true,"showImageEffects":true,"showParticleSystems":true},"in2DMode":false,"pivot":{"x":0.1415759027004242,"y":0.06368152052164078,"z":0.648971676826477},"rotation":{"x":0.0039011547341942789,"y":-0.9835276007652283,"z":0.021557806059718133,"w":0.17957554757595063},"size":0.10948184877634049,"orthographic":false}