{"cameraMode":{"drawMode":0,"name":"Shaded","section":"Shading Mode"},"sceneLighting":false,"audioPlay":false,"sceneViewState":{"showFog":true,"showMaterialUpdate":false,"showSkybox":false,"showFlares":true,"showImageEffects":true,"showParticleSystems":true},"in2DMode":false,"pivot":{"x":26.171518325805665,"y":20.81044578552246,"z":17.432693481445314},"rotation":{"x":0.004189171362668276,"y":-0.02308737114071846,"z":-0.0000911081224330701,"w":-0.9997342228889465},"size":52.905216217041019,"orthographic":false}